UniProt_ID,Glutathione_Site,reason
A0A0A0MRN9,150,protein_not_processed_in_sasa
A0A0A0MTS7,1103,no_pdb
A0A0A0MTS7,3079,no_pdb
A0A0A0MTS7,4746,no_pdb
A0A0A0MTS7,15102,no_pdb
A0A0A0MTS7,15714,no_pdb
A0A0A0MTS7,17750,no_pdb
A0A0A0MTS7,20573,no_pdb
A0A0A0MTS7,21283,no_pdb
A0A0A0MTS7,28899,no_pdb
A0A0A0MTS7,30815,no_pdb
A0A0A0MTS7,32109,no_pdb
A0A0D9SGF6,315,no_pdb
A0A0U1RQK4,23,no_pdb
A0A1C7CYY4,78,protein_not_processed_in_sasa
A0A2R8Y6G6,78,protein_not_processed_in_sasa
A0A2R8YDT1,233,protein_not_processed_in_sasa
A0A5F9ZH43,3349,no_pdb
A0A5F9ZHR7,159,no_pdb
A0A7P0TAG8,262,protein_not_processed_in_sasa
A0A804F6T5,84,protein_not_processed_in_sasa
A0A804HHW5,91,protein_not_processed_in_sasa
A2AAJ9,30,no_pdb
A2AAJ9,977,no_pdb
A2AAJ9,1069,no_pdb
A2AAJ9,1345,no_pdb
A2AAJ9,1437,no_pdb
A2AAJ9,1529,no_pdb
A2AAJ9,1621,no_pdb
A2AAJ9,1713,no_pdb
A2AAJ9,1805,no_pdb
A2AAJ9,1897,no_pdb
A2AAJ9,1989,no_pdb
A2AAJ9,2476,no_pdb
A2AAJ9,3991,no_pdb
A2AAJ9,4096,no_pdb
A2AMZ4,51,protein_not_processed_in_sasa
A2AN08,260,no_pdb
A2ASS6,1314,no_pdb
A2ASS6,1730,no_pdb
A2ASS6,1766,no_pdb
A2ASS6,3085,no_pdb
A2ASS6,3592,no_pdb
A2ASS6,9650,no_pdb
A2ASS6,13296,no_pdb
A2ASS6,13650,no_pdb
A2ASS6,16678,no_pdb
A2ASS6,17138,no_pdb
A2ASS6,18693,no_pdb
A2ASS6,20340,no_pdb
A2ASS6,20367,no_pdb
A2ASS6,22318,no_pdb
A2ASS6,22917,no_pdb
A2ASS6,23241,no_pdb
A2ASS6,24876,no_pdb
A2ASS6,27840,no_pdb
A2ASS6,29240,no_pdb
A2ASS6,30687,no_pdb
A2ASS6,30826,no_pdb
A2ASS6,31463,no_pdb
A2ASS6,32630,no_pdb
A2ASS6,32950,no_pdb
A2ASS6,33145,no_pdb
A2ASS6,33667,no_pdb
A2ASS6,34371,no_pdb
A2ASS6,34526,no_pdb
A5HU98,107,protein_not_processed_in_sasa
C9JEG4,137,protein_not_processed_in_sasa
C9JX88,233,protein_not_processed_in_sasa
E5RJR5,160,protein_not_processed_in_sasa
E9Q401,633,no_pdb
E9Q401,2195,no_pdb
E9Q555,3270,no_pdb
E9Q557,565,no_pdb
E9Q557,1945,no_pdb
G4SLH0,18502,no_pdb
G5ECA7,48,protein_not_processed_in_sasa
H0YBI4,72,no_pdb
H2KZG6,376,protein_not_processed_in_sasa
I3L397,22,protein_not_processed_in_sasa
I3L4N8,261,protein_not_processed_in_sasa
I3L532,83,protein_not_processed_in_sasa
K7EKE6,406,protein_not_processed_in_sasa
K7ERF1,87,protein_not_processed_in_sasa
O01692,35,protein_not_processed_in_sasa
O01804,284,protein_not_processed_in_sasa
O02640,278,protein_not_processed_in_sasa
O17953,291,protein_not_processed_in_sasa
O45712,38,protein_not_processed_in_sasa
O55126,103,protein_not_processed_in_sasa
O62246,20,protein_not_processed_in_sasa
O70325,16,no_pdb
P00397,498,protein_not_processed_in_sasa
P11141,44,protein_not_processed_in_sasa
P11531,1751,no_pdb
P27798,101,protein_not_processed_in_sasa
P34255,432,protein_not_processed_in_sasa
P34328,61,protein_not_processed_in_sasa
P35441,318,protein_not_processed_in_sasa
P39876,155,protein_not_processed_in_sasa
P43508,322,protein_not_processed_in_sasa
P47857,860,residue_not_in_model
P48152,121,protein_not_processed_in_sasa
P99029,152,position_not_emitted_by_sasa
Q05793,2170,no_pdb
Q05793,2268,no_pdb
Q05793,3464,no_pdb
Q05793,3671,no_pdb
Q09567,471,protein_not_processed_in_sasa
Q09666,2806,no_pdb
Q14204,2639,no_pdb
Q14315,1991,no_pdb
Q14315,2454,no_pdb
Q14315,2660,no_pdb
Q16718,17,protein_not_processed_in_sasa
Q17761,126,protein_not_processed_in_sasa
Q19058,211,protein_not_processed_in_sasa
Q19749,150,protein_not_processed_in_sasa
Q21824,170,protein_not_processed_in_sasa
Q21962,192,protein_not_processed_in_sasa
Q3TQB2,332,protein_not_processed_in_sasa
Q3UV70,33,protein_not_processed_in_sasa
Q4U4S6,614,no_pdb
Q4U4S6,3334,no_pdb
Q60675,449,no_pdb
Q60675,734,no_pdb
Q61147,713,protein_not_processed_in_sasa
Q61554,1849,no_pdb
Q62059,270,no_pdb
Q62407,3044,no_pdb
Q8CIZ8,9,no_pdb
Q8CIZ8,2676,no_pdb
Q8K4F5,30,protein_not_processed_in_sasa
Q8MXH7,114,protein_not_processed_in_sasa
Q8WZ42,4404,no_pdb
Q8WZ42,15004,no_pdb
Q8WZ42,16276,no_pdb
Q8WZ42,17831,no_pdb
Q8WZ42,19092,no_pdb
Q8WZ42,20418,no_pdb
Q8WZ42,23138,no_pdb
Q8WZ42,28174,no_pdb
Q8WZ42,33718,no_pdb
Q91ZX7,944,no_pdb
Q91ZX7,2953,no_pdb
Q95XJ0,107,protein_not_processed_in_sasa
Q95XJ0,298,protein_not_processed_in_sasa
Q99N94,167,protein_not_processed_in_sasa
Q9BL03,69,protein_not_processed_in_sasa
Q9BL27,99,protein_not_processed_in_sasa
Q9CPX7,26,protein_not_processed_in_sasa
Q9D7B6,215,protein_not_processed_in_sasa
Q9D8B4,95,protein_not_processed_in_sasa
Q9GP94,80,protein_not_processed_in_sasa
Q9JLT4,446,no_pdb
Q9N358,35,protein_not_processed_in_sasa
Q9N358,244,protein_not_processed_in_sasa
Q9N5V3,386,protein_not_processed_in_sasa
Q9NAA7,44,protein_not_processed_in_sasa
Q9NF11,86,protein_not_processed_in_sasa
Q9QXS1,2960,no_pdb
Q9QXS1,3112,no_pdb
Q9QXS1,3117,no_pdb
Q9QXZ0,2062,no_pdb
Q9TXU7,51,protein_not_processed_in_sasa
Q9XTT9,373,protein_not_processed_in_sasa
Q9XTV4,6,protein_not_processed_in_sasa
