UniProt_ID,Glutathione_Site,Residue,Primary_PTM_Name
A0A0A0MRN9,150,,Glutathionylation
A0A0A0MTS7,1103,,Glutathionylation
A0A0A0MTS7,3079,,Glutathionylation
A0A0A0MTS7,4746,,Glutathionylation
A0A0A0MTS7,15102,,Glutathionylation
A0A0A0MTS7,15714,,Glutathionylation
A0A0A0MTS7,17750,,Glutathionylation
A0A0A0MTS7,20573,,Glutathionylation
A0A0A0MTS7,21283,,Glutathionylation
A0A0A0MTS7,28899,,Glutathionylation
A0A0A0MTS7,28899,,Glutathionylation
A0A0A0MTS7,30815,,Glutathionylation
A0A0A0MTS7,32109,,Glutathionylation
A0A0D9SGF6,315,,Glutathionylation
A0A0U1RQK4,23,,Glutathionylation
A0A1C7CYY4,78,,Glutathionylation
A0A2R8Y6G6,78,,Glutathionylation
A0A2R8YDT1,233,,Glutathionylation
A0A5F9ZH43,3349,,Glutathionylation
A0A5F9ZHR7,159,,Glutathionylation
A0A7P0TAG8,262,,Glutathionylation
A0A804F6T5,84,,Glutathionylation
A0A804HHW5,91,,Glutathionylation
A2A5R2,940,,Glutathionylation
A2AAJ9,30,,Glutathionylation
A2AAJ9,977,,Glutathionylation
A2AAJ9,1069,,Glutathionylation
A2AAJ9,1345,,Glutathionylation
A2AAJ9,1437,,Glutathionylation
A2AAJ9,1529,,Glutathionylation
A2AAJ9,1621,,Glutathionylation
A2AAJ9,1713,,Glutathionylation
A2AAJ9,1805,,Glutathionylation
A2AAJ9,1897,,Glutathionylation
A2AAJ9,1989,,Glutathionylation
A2AAJ9,2476,,Glutathionylation
A2AAJ9,3991,,Glutathionylation
A2AAJ9,4096,,Glutathionylation
A2AMM0,141,,Glutathionylation
A2AMZ4,51,,Glutathionylation
A2AN08,260,,Glutathionylation
A2APY7,199,,Glutathionylation
A2AQP0,954,,Glutathionylation
A2AQP0,1256,,Glutathionylation
A2AQP0,1590,,Glutathionylation
A2ASS6,1314,,Glutathionylation
A2ASS6,1730,,Glutathionylation
A2ASS6,1766,,Glutathionylation
A2ASS6,3085,,Glutathionylation
A2ASS6,3085,,Glutathionylation
A2ASS6,3592,,Glutathionylation
A2ASS6,9650,,Glutathionylation
A2ASS6,13296,,Glutathionylation
A2ASS6,13650,,Glutathionylation
A2ASS6,16678,,Glutathionylation
A2ASS6,17138,,Glutathionylation
A2ASS6,18693,,Glutathionylation
A2ASS6,20340,,Glutathionylation
A2ASS6,20367,,Glutathionylation
A2ASS6,22318,,Glutathionylation
A2ASS6,22917,,Glutathionylation
A2ASS6,22917,,Glutathionylation
A2ASS6,23241,,Glutathionylation
A2ASS6,23241,,Glutathionylation
A2ASS6,24876,,Glutathionylation
A2ASS6,27840,,Glutathionylation
A2ASS6,29240,,Glutathionylation
A2ASS6,29240,,Glutathionylation
A2ASS6,30687,,Glutathionylation
A2ASS6,30826,,Glutathionylation
A2ASS6,30826,,Glutathionylation
A2ASS6,31463,,Glutathionylation
A2ASS6,32630,,Glutathionylation
A2ASS6,32950,,Glutathionylation
A2ASS6,33145,,Glutathionylation
A2ASS6,33667,,Glutathionylation
A2ASS6,34371,,Glutathionylation
A2ASS6,34371,,Glutathionylation
A2ASS6,34526,,Glutathionylation
A3QMC5,44,,Glutathionylation
A3QMC5,44,,Glutathionylation
A3QMC5,44,,Glutathionylation
A3QMC5,79,,Glutathionylation
A3QMC5,79,,Glutathionylation
A3QMC5,79,,Glutathionylation
A3QMC5,79,,Glutathionylation
A3QMC5,79,,Glutathionylation
A3QMC5,79,,Glutathionylation
A5HU98,107,,Glutathionylation
A5HU98,107,,Glutathionylation
A5HU98,107,,Glutathionylation
A7E2Y1,1460,,Glutathionylation
A7XZE4,36,,Glutathionylation
B1AKQ8,25,,Glutathionylation
B2RPV6,913,,Glutathionylation
C9JEG4,137,,Glutathionylation
C9JX88,233,,Glutathionylation
D3YYU8,33,,Glutathionylation
D3YYU8,1748,,Glutathionylation
D3YYU8,1757,,Glutathionylation
E5RJR5,160,,Glutathionylation
E9PCR7,346,,Glutathionylation
E9Q401,633,,Glutathionylation
E9Q401,2195,,Glutathionylation
E9Q555,3270,,Glutathionylation
E9Q557,565,,Glutathionylation
E9Q557,1945,,Glutathionylation
E9Q8Q6,895,,Glutathionylation
E9Q8Q6,1021,,Glutathionylation
F5H423,148,,Glutathionylation
F5H7C4,34,,Glutathionylation
G4SLH0,18502,,Glutathionylation
G4SLH0,18502,,Glutathionylation
G4SLH0,18502,,Glutathionylation
G5ECA7,48,,Glutathionylation
G5ECA7,48,,Glutathionylation
G5ECA7,48,,Glutathionylation
G5ECU5,87,,Glutathionylation
G5ECU5,602,,Glutathionylation
G5EEI4,240,,Glutathionylation
G5EEI4,240,,Glutathionylation
G5EEI4,240,,Glutathionylation
G5EEK8,209,,Glutathionylation
G5EEK8,209,,Glutathionylation
G5EEK8,209,,Glutathionylation
G5EEV5,8,,Glutathionylation
G5EEV5,8,,Glutathionylation
H0YBI4,72,,Glutathionylation
H0YBI4,72,,Glutathionylation
H2KZG6,376,,Glutathionylation
H2L0M0,1843,,Glutathionylation
H2L0M0,1843,,Glutathionylation
H2L0M0,1843,,Glutathionylation
H2L0M0,1843,,Glutathionylation
I3L397,22,,Glutathionylation
I3L4N8,261,,Glutathionylation
I3L4N8,261,,Glutathionylation
I3L532,83,,Glutathionylation
K7EKE6,406,,Glutathionylation
K7ERF1,87,,Glutathionylation
M0R117,109,,Glutathionylation
O00151,73,,Glutathionylation
O00330,307,,Glutathionylation
O00483,44,,Glutathionylation
O01504,34,,Glutathionylation
O01504,34,,Glutathionylation
O01504,34,,Glutathionylation
O01504,34,,Glutathionylation
O01504,34,,Glutathionylation
O01504,34,,Glutathionylation
O01504,34,,Glutathionylation
O01504,34,,Glutathionylation
O01504,34,,Glutathionylation
O01692,35,,Glutathionylation
O01692,35,,Glutathionylation
O01692,35,,Glutathionylation
O01692,35,,Glutathionylation
O01692,35,,Glutathionylation
O01692,35,,Glutathionylation
O01804,284,,Glutathionylation
O01804,284,,Glutathionylation
O01804,284,,Glutathionylation
O01868,6,,Glutathionylation
O01868,6,,Glutathionylation
O01868,6,,Glutathionylation
O01868,6,,Glutathionylation
O01868,6,,Glutathionylation
O01868,6,,Glutathionylation
O01868,6,,Glutathionylation
O02056,95,,Glutathionylation
O02056,95,,Glutathionylation
O02056,95,,Glutathionylation
O02056,95,,Glutathionylation
O02056,95,,Glutathionylation
O02056,95,,Glutathionylation
O02056,216,,Glutathionylation
O02056,216,,Glutathionylation
O02056,216,,Glutathionylation
O02286,108,,Glutathionylation
O02286,108,,Glutathionylation
O02286,108,,Glutathionylation
O02640,278,,Glutathionylation
O02640,278,,Glutathionylation
O02640,278,,Glutathionylation
O08553,504,,Glutathionylation
O08638,701,,Glutathionylation
O08709,47,,Glutathionylation
O08749,484,,Glutathionylation
O09161,53,,Glutathionylation
O14818,91,,Glutathionylation
O14958,53,,Glutathionylation
O14958,53,,Glutathionylation
O14958,53,,Glutathionylation
O14958,53,,Glutathionylation
O16368,402,,Glutathionylation
O16368,402,,Glutathionylation
O16368,402,,Glutathionylation
O16368,402,,Glutathionylation
O17071,364,,Glutathionylation
O17071,364,,Glutathionylation
O17071,364,,Glutathionylation
O17570,38,,Glutathionylation
O17622,19,,Glutathionylation
O17622,19,,Glutathionylation
O17622,19,,Glutathionylation
O17953,291,,Glutathionylation
O17953,291,,Glutathionylation
O17953,291,,Glutathionylation
O18650,99,,Glutathionylation
O18650,99,,Glutathionylation
O18650,99,,Glutathionylation
O35074,232,,Glutathionylation
O35386,89,,Glutathionylation
O35639,202,,Glutathionylation
O35855,22,,Glutathionylation
O43678,58,,Glutathionylation
O43678,58,,Glutathionylation
O43813,183,,Glutathionylation
O44480,112,,Glutathionylation
O44480,112,,Glutathionylation
O44480,112,,Glutathionylation
O44480,112,,Glutathionylation
O44480,112,,Glutathionylation
O44480,112,,Glutathionylation
O45011,94,,Glutathionylation
O45011,94,,Glutathionylation
O45011,94,,Glutathionylation
O45012,256,,Glutathionylation
O45012,256,,Glutathionylation
O45012,256,,Glutathionylation
O45552,285,,Glutathionylation
O45712,38,,Glutathionylation
O45713,37,,Glutathionylation
O45713,37,,Glutathionylation
O45865,259,,Glutathionylation
O45865,259,,Glutathionylation
O45865,259,,Glutathionylation
O55023,64,,Glutathionylation
O55111,844,,Glutathionylation
O55126,103,,Glutathionylation
O55143,471,,Glutathionylation
O55143,471,,Glutathionylation
O55143,498,,Glutathionylation
O55143,498,,Glutathionylation
O55143,560,,Glutathionylation
O55143,560,,Glutathionylation
O62246,20,,Glutathionylation
O62277,57,,Glutathionylation
O70250,153,,Glutathionylation
O70250,153,,Glutathionylation
O70325,16,,Glutathionylation
O70468,562,,Glutathionylation
O70468,715,,Glutathionylation
O70492,140,,Glutathionylation
O75208,153,,Glutathionylation
O75323,85,,Glutathionylation
O75380,87,,Glutathionylation
O75390,101,,Glutathionylation
O75390,101,,Glutathionylation
O75390,359,,Glutathionylation
O75569,54,,Glutathionylation
O75874,73,,Glutathionylation
O75947,101,,Glutathionylation
O88844,114,,Glutathionylation
O95299,253,,Glutathionylation
O95299,253,,Glutathionylation
O95563,54,,Glutathionylation
O95831,441,,Glutathionylation
P00367,376,,Glutathionylation
P00397,498,,Glutathionylation
P00505,106,,Glutathionylation
P00505,106,,Glutathionylation
P00505,295,,Glutathionylation
P00505,295,,Glutathionylation
P00505,382,,Glutathionylation
P00505,382,,Glutathionylation
P00505,382,,Glutathionylation
P00558,50,,Glutathionylation
P00558,316,,Glutathionylation
P00558,316,,Glutathionylation
P00568,25,,Glutathionylation
P00568,25,,Glutathionylation
P00568,187,,Glutathionylation
P01009,256,,Glutathionylation
P01009,256,,Glutathionylation
P01009,256,,Glutathionylation
P01029,1612,,Glutathionylation
P01834,27,,Glutathionylation
P01834,87,,Glutathionylation
P01834,87,,Glutathionylation
P01834,87,,Glutathionylation
P01834,87,,Glutathionylation
P01834,87,,Glutathionylation
P01834,87,,Glutathionylation
P01834,107,,Glutathionylation
P01857,27,,Glutathionylation
P01857,308,,Glutathionylation
P01857,308,,Glutathionylation
P01859,246,,Glutathionylation
P01859,304,,Glutathionylation
P01861,305,,Glutathionylation
P01872,352,,Glutathionylation
P01942,105,,Glutathionylation
P01942,105,,Glutathionylation
P01942,105,,Glutathionylation
P01942,105,,Glutathionylation
P01942,105,,Glutathionylation
P01942,105,,Glutathionylation
P01942,105,,Glutathionylation
P01942,105,,Glutathionylation
P01942,105,,Glutathionylation
P01942,105,,Glutathionylation
P01942,105,,Glutathionylation
P01942,105,,Glutathionylation
P01942,105,,Glutathionylation
P01942,105,,Glutathionylation
P01942,105,,Glutathionylation
P01942,105,,Glutathionylation
P01942,105,,Glutathionylation
P01942,105,,Glutathionylation
P01942,105,,Glutathionylation
P02088,94,,Glutathionylation
P02088,94,,Glutathionylation
P02088,94,,Glutathionylation
P02088,94,,Glutathionylation
P02088,94,,Glutathionylation
P02088,94,,Glutathionylation
P02088,94,,Glutathionylation
P02088,94,,Glutathionylation
P02088,94,,Glutathionylation
P02089,94,,Glutathionylation
P02144,111,,Glutathionylation
P02144,111,,Glutathionylation
P02144,111,,Glutathionylation
P02144,111,,Glutathionylation
P02468,30,,Glutathionylation
P02566,189,,Glutathionylation
P02566,259,,Glutathionylation
P02566,259,,Glutathionylation
P02566,259,,Glutathionylation
P02675,316,,Glutathionylation
P02765,358,,Glutathionylation
P02768,99,,Glutathionylation
P02768,125,,Glutathionylation
P02768,125,,Glutathionylation
P02768,148,,Glutathionylation
P02768,148,,Glutathionylation
P02768,148,,Glutathionylation
P02768,148,,Glutathionylation
P02768,201,,Glutathionylation
P02768,201,,Glutathionylation
P02768,224,,Glutathionylation
P02768,224,,Glutathionylation
P02768,224,,Glutathionylation
P02768,224,,Glutathionylation
P02768,224,,Glutathionylation
P02768,289,,Glutathionylation
P02768,289,,Glutathionylation
P02768,416,,Glutathionylation
P02787,58,,Glutathionylation
P02787,213,,Glutathionylation
P02787,596,,Glutathionylation
P02787,656,,Glutathionylation
P02790,408,,Glutathionylation
P04075,73,,Glutathionylation
P04075,135,,Glutathionylation
P04075,135,,Glutathionylation
P04075,135,,Glutathionylation
P04075,135,,Glutathionylation
P04075,202,,Glutathionylation
P04075,240,,Glutathionylation
P04075,339,,Glutathionylation
P04075,339,,Glutathionylation
P04075,339,,Glutathionylation
P04075,339,,Glutathionylation
P04080,3,,Glutathionylation
P04080,3,,Glutathionylation
P04117,118,,Glutathionylation
P04179,220,,Glutathionylation
P04247,67,,Glutathionylation
P04247,67,,Glutathionylation
P04247,67,,Glutathionylation
P04406,247,,Glutathionylation
P04406,247,,Glutathionylation
P04406,247,,Glutathionylation
P04406,247,,Glutathionylation
P04406,247,,Glutathionylation
P04843,477,,Glutathionylation
P04919,215,,Glutathionylation
P05064,73,,Glutathionylation
P05064,150,,Glutathionylation
P05064,202,,Glutathionylation
P05064,240,,Glutathionylation
P05064,240,,Glutathionylation
P05064,290,,Glutathionylation
P05064,339,,Glutathionylation
P05064,339,,Glutathionylation
P05090,185,,Glutathionylation
P05125,129,,Glutathionylation
P05125,145,,Glutathionylation
P05125,145,,Glutathionylation
P05141,160,,Glutathionylation
P05166,90,,Glutathionylation
P05201,391,,Glutathionylation
P05202,212,,Glutathionylation
P05202,295,,Glutathionylation
P05202,295,,Glutathionylation
P05202,382,,Glutathionylation
P05202,382,,Glutathionylation
P05202,382,,Glutathionylation
P05202,382,,Glutathionylation
P05413,125,,Glutathionylation
P05413,125,,Glutathionylation
P05413,125,,Glutathionylation
P05413,125,,Glutathionylation
P05690,185,,Glutathionylation
P05690,185,,Glutathionylation
P05690,185,,Glutathionylation
P05690,209,,Glutathionylation
P05690,1310,,Glutathionylation
P05690,1310,,Glutathionylation
P05690,1310,,Glutathionylation
P05690,1340,,Glutathionylation
P05690,1340,,Glutathionylation
P05690,1340,,Glutathionylation
P05690,1476,,Glutathionylation
P05690,1571,,Glutathionylation
P05690,1571,,Glutathionylation
P05690,1571,,Glutathionylation
P05690,1571,,Glutathionylation
P05690,1571,,Glutathionylation
P05690,1571,,Glutathionylation
P06125,56,,Glutathionylation
P06703,3,,Glutathionylation
P06732,254,,Glutathionylation
P06732,254,,Glutathionylation
P06732,254,,Glutathionylation
P06732,283,,Glutathionylation
P06732,283,,Glutathionylation
P06732,283,,Glutathionylation
P06732,283,,Glutathionylation
P06753,191,,Glutathionylation
P06753,191,,Glutathionylation
P06909,178,,Glutathionylation
P06909,320,,Glutathionylation
P07195,164,,Glutathionylation
P07195,164,,Glutathionylation
P07195,164,,Glutathionylation
P07310,254,,Glutathionylation
P07310,254,,Glutathionylation
P07310,254,,Glutathionylation
P07310,283,,Glutathionylation
P07310,283,,Glutathionylation
P07310,283,,Glutathionylation
P07310,283,,Glutathionylation
P07339,329,,Glutathionylation
P07355,133,,Glutathionylation
P07724,99,,Glutathionylation
P07724,99,,Glutathionylation
P07724,148,,Glutathionylation
P07724,148,,Glutathionylation
P07724,416,,Glutathionylation
P07724,416,,Glutathionylation
P07724,472,,Glutathionylation
P07724,472,,Glutathionylation
P07724,485,,Glutathionylation
P07724,500,,Glutathionylation
P07724,511,,Glutathionylation
P07724,538,,Glutathionylation
P07724,591,,Glutathionylation
P07724,591,,Glutathionylation
P07724,591,,Glutathionylation
P07724,591,,Glutathionylation
P07759,260,,Glutathionylation
P07759,260,,Glutathionylation
P07900,420,,Glutathionylation
P07919,53,,Glutathionylation
P07919,53,,Glutathionylation
P07951,36,,Glutathionylation
P07951,36,,Glutathionylation
P07951,190,,Glutathionylation
P07954,434,,Glutathionylation
P08032,963,,Glutathionylation
P08122,137,,Glutathionylation
P08133,552,,Glutathionylation
P08228,147,,Glutathionylation
P08238,412,,Glutathionylation
P08249,275,,Glutathionylation
P08559,41,,Glutathionylation
P08559,261,,Glutathionylation
P08590,76,,Glutathionylation
P08590,76,,Glutathionylation
P08590,76,,Glutathionylation
P08590,182,,Glutathionylation
P08590,182,,Glutathionylation
P08590,182,,Glutathionylation
P08590,182,,Glutathionylation
P08670,328,,Glutathionylation
P08670,328,,Glutathionylation
P08670,328,,Glutathionylation
P08670,328,,Glutathionylation
P09103,345,,Glutathionylation
P09411,50,,Glutathionylation
P09446,17,,Glutathionylation
P09446,17,,Glutathionylation
P09446,17,,Glutathionylation
P09446,17,,Glutathionylation
P09446,17,,Glutathionylation
P09446,17,,Glutathionylation
P09446,243,,Glutathionylation
P09446,243,,Glutathionylation
P09446,243,,Glutathionylation
P09446,243,,Glutathionylation
P09446,243,,Glutathionylation
P09446,243,,Glutathionylation
P09446,307,,Glutathionylation
P09446,307,,Glutathionylation
P09446,307,,Glutathionylation
P09446,575,,Glutathionylation
P09446,575,,Glutathionylation
P09446,575,,Glutathionylation
P09493,190,,Glutathionylation
P09493,190,,Glutathionylation
P09493,190,,Glutathionylation
P09493,190,,Glutathionylation
P09493,190,,Glutathionylation
P09493,190,,Glutathionylation
P09541,74,,Glutathionylation
P09542,85,,Glutathionylation
P09542,85,,Glutathionylation
P09972,135,,Glutathionylation
P0DM41,258,,Glutathionylation
P0DM41,258,,Glutathionylation
P0DM41,286,,Glutathionylation
P0DM41,286,,Glutathionylation
P0DM41,286,,Glutathionylation
P0DMV9,17,,Glutathionylation
P0DMV9,306,,Glutathionylation
P0DMV9,603,,Glutathionylation
P10126,234,,Glutathionylation
P10567,616,,Glutathionylation
P10567,616,,Glutathionylation
P10567,616,,Glutathionylation
P10567,616,,Glutathionylation
P10567,616,,Glutathionylation
P10567,616,,Glutathionylation
P10649,174,,Glutathionylation
P10768,11,,Glutathionylation
P10809,237,,Glutathionylation
P10986,218,,Glutathionylation
P10986,218,,Glutathionylation
P10986,286,,Glutathionylation
P10986,286,,Glutathionylation
P10986,286,,Glutathionylation
P10986,286,,Glutathionylation
P10986,286,,Glutathionylation
P10986,286,,Glutathionylation
P11141,44,,Glutathionylation
P11141,44,,Glutathionylation
P11141,44,,Glutathionylation
P11142,17,,Glutathionylation
P11152,445,,Glutathionylation
P11152,445,,Glutathionylation
P11177,263,,Glutathionylation
P11216,496,,Glutathionylation
P11216,581,,Glutathionylation
P11216,808,,Glutathionylation
P11216,808,,Glutathionylation
P11310,244,,Glutathionylation
P11531,1751,,Glutathionylation
P12235,160,,Glutathionylation
P12235,160,,Glutathionylation
P12235,257,,Glutathionylation
P12277,254,,Glutathionylation
P12277,254,,Glutathionylation
P12883,400,,Glutathionylation
P12883,400,,Glutathionylation
P12883,400,,Glutathionylation
P12883,400,,Glutathionylation
P12883,672,,Glutathionylation
P12883,672,,Glutathionylation
P12883,672,,Glutathionylation
P12883,695,,Glutathionylation
P12883,905,,Glutathionylation
P12883,905,,Glutathionylation
P12883,905,,Glutathionylation
P12883,947,,Glutathionylation
P12883,947,,Glutathionylation
P12883,947,,Glutathionylation
P12883,1249,,Glutathionylation
P12883,1249,,Glutathionylation
P12883,1249,,Glutathionylation
P12883,1249,,Glutathionylation
P12883,1249,,Glutathionylation
P12883,1249,,Glutathionylation
P12883,1340,,Glutathionylation
P12883,1340,,Glutathionylation
P12883,1340,,Glutathionylation
P12883,1340,,Glutathionylation
P12883,1340,,Glutathionylation
P12883,1340,,Glutathionylation
P12883,1411,,Glutathionylation
P12883,1411,,Glutathionylation
P12883,1411,,Glutathionylation
P12883,1411,,Glutathionylation
P12883,1411,,Glutathionylation
P12883,1748,,Glutathionylation
P12883,1748,,Glutathionylation
P12883,1748,,Glutathionylation
P12883,1748,,Glutathionylation
P12883,1748,,Glutathionylation
P12883,1748,,Glutathionylation
P12883,1748,,Glutathionylation
P12883,1748,,Glutathionylation
P12883,1748,,Glutathionylation
P12883,1748,,Glutathionylation
P12883,1748,,Glutathionylation
P12883,1748,,Glutathionylation
P12883,1748,,Glutathionylation
P12883,1748,,Glutathionylation
P13020,329,,Glutathionylation
P13533,1750,,Glutathionylation
P13533,1750,,Glutathionylation
P13535,908,,Glutathionylation
P13541,38,,Glutathionylation
P13541,793,,Glutathionylation
P13541,906,,Glutathionylation
P13637,418,,Glutathionylation
P13639,67,,Glutathionylation
P13647,55,,Glutathionylation
P13804,109,,Glutathionylation
P13929,399,,Glutathionylation
P14152,137,,Glutathionylation
P14152,137,,Glutathionylation
P14152,137,,Glutathionylation
P14152,154,,Glutathionylation
P14152,154,,Glutathionylation
P14174,81,,Glutathionylation
P14618,326,,Glutathionylation
P14618,358,,Glutathionylation
P14618,358,,Glutathionylation
P14685,206,,Glutathionylation
P15090,118,,Glutathionylation
P15259,23,,Glutathionylation
P15259,153,,Glutathionylation
P16125,164,,Glutathionylation
P16125,164,,Glutathionylation
P16615,447,,Glutathionylation
P16615,471,,Glutathionylation
P16615,471,,Glutathionylation
P16615,498,,Glutathionylation
P16858,245,,Glutathionylation
P16858,245,,Glutathionylation
P16858,245,,Glutathionylation
P16858,282,,Glutathionylation
P16858,282,,Glutathionylation
P17174,46,,Glutathionylation
P17426,830,,Glutathionylation
P17540,90,,Glutathionylation
P17540,90,,Glutathionylation
P17568,80,,Glutathionylation
P17661,333,,Glutathionylation
P17661,333,,Glutathionylation
P17661,333,,Glutathionylation
P17661,333,,Glutathionylation
P17661,333,,Glutathionylation
P17661,333,,Glutathionylation
P17742,62,,Glutathionylation
P18206,422,,Glutathionylation
P18206,545,,Glutathionylation
P18206,545,,Glutathionylation
P18206,737,,Glutathionylation
P18206,1053,,Glutathionylation
P18242,327,,Glutathionylation
P18948,192,,Glutathionylation
P18948,384,,Glutathionylation
P18948,384,,Glutathionylation
P18948,384,,Glutathionylation
P18948,384,,Glutathionylation
P18948,384,,Glutathionylation
P18948,384,,Glutathionylation
P18948,468,,Glutathionylation
P18948,468,,Glutathionylation
P18948,468,,Glutathionylation
P18948,655,,Glutathionylation
P18948,655,,Glutathionylation
P18948,655,,Glutathionylation
P18948,924,,Glutathionylation
P18948,924,,Glutathionylation
P18948,924,,Glutathionylation
P18948,1364,,Glutathionylation
P18948,1364,,Glutathionylation
P18948,1364,,Glutathionylation
P18948,1646,,Glutathionylation
P18948,1646,,Glutathionylation
P18948,1646,,Glutathionylation
P18948,1646,,Glutathionylation
P18948,1646,,Glutathionylation
P18948,1646,,Glutathionylation
P19096,274,,Glutathionylation
P19324,155,,Glutathionylation
P19367,628,,Glutathionylation
P19367,813,,Glutathionylation
P19404,225,,Glutathionylation
P19625,110,,Glutathionylation
P19625,110,,Glutathionylation
P20073,413,,Glutathionylation
P20674,96,,Glutathionylation
P21399,392,,Glutathionylation
P21550,357,,Glutathionylation
P21796,127,,Glutathionylation
P21796,127,,Glutathionylation
P21796,127,,Glutathionylation
P21796,232,,Glutathionylation
P21810,321,,Glutathionylation
P21980,230,,Glutathionylation
P22626,50,,Glutathionylation
P22695,192,,Glutathionylation
P22695,192,,Glutathionylation
P22695,192,,Glutathionylation
P22907,114,,Glutathionylation
P23116,160,,Glutathionylation
P23249,7,,Glutathionylation
P23284,202,,Glutathionylation
P24539,239,,Glutathionylation
P24549,133,,Glutathionylation
P24668,146,,Glutathionylation
P24752,119,,Glutathionylation
P24752,196,,Glutathionylation
P24752,196,,Glutathionylation
P25444,222,,Glutathionylation
P25705,244,,Glutathionylation
P26041,284,,Glutathionylation
P26041,284,,Glutathionylation
P26231,767,,Glutathionylation
P26638,300,,Glutathionylation
P27348,25,,Glutathionylation
P27420,46,,Glutathionylation
P27420,46,,Glutathionylation
P27420,46,,Glutathionylation
P27604,280,,Glutathionylation
P27604,280,,Glutathionylation
P27604,280,,Glutathionylation
P27604,280,,Glutathionylation
P27612,12,,Glutathionylation
P27798,101,,Glutathionylation
P27798,101,,Glutathionylation
P27798,101,,Glutathionylation
P28331,92,,Glutathionylation
P28352,207,,Glutathionylation
P29691,382,,Glutathionylation
P29691,382,,Glutathionylation
P29691,382,,Glutathionylation
P29691,382,,Glutathionylation
P29691,382,,Glutathionylation
P29691,382,,Glutathionylation
P29691,585,,Glutathionylation
P29691,598,,Glutathionylation
P29691,645,,Glutathionylation
P29691,645,,Glutathionylation
P29691,645,,Glutathionylation
P29788,24,,Glutathionylation
P30044,100,,Glutathionylation
P30048,229,,Glutathionylation
P30048,229,,Glutathionylation
P30086,133,,Glutathionylation
P30086,168,,Glutathionylation
P30405,203,,Glutathionylation
P30405,203,,Glutathionylation
P31001,332,,Glutathionylation
P31001,332,,Glutathionylation
P31001,332,,Glutathionylation
P31001,332,,Glutathionylation
P31001,332,,Glutathionylation
P31040,536,,Glutathionylation
P31040,536,,Glutathionylation
P31040,536,,Glutathionylation
P31040,654,,Glutathionylation
P31040,654,,Glutathionylation
P31930,154,,Glutathionylation
P31930,154,,Glutathionylation
P31930,410,,Glutathionylation
P31930,410,,Glutathionylation
P31930,410,,Glutathionylation
P31930,410,,Glutathionylation
P31930,445,,Glutathionylation
P32119,172,,Glutathionylation
P32119,172,,Glutathionylation
P32119,172,,Glutathionylation
P32119,172,,Glutathionylation
P32119,172,,Glutathionylation
P32261,54,,Glutathionylation
P33121,108,,Glutathionylation
P34255,432,,Glutathionylation
P34255,432,,Glutathionylation
P34255,432,,Glutathionylation
P34328,61,,Glutathionylation
P34328,61,,Glutathionylation
P34328,61,,Glutathionylation
P34334,101,,Glutathionylation
P34334,101,,Glutathionylation
P34334,101,,Glutathionylation
P34334,101,,Glutathionylation
P34334,101,,Glutathionylation
P34334,101,,Glutathionylation
P34346,53,,Glutathionylation
P34346,53,,Glutathionylation
P34346,53,,Glutathionylation
P34455,382,,Glutathionylation
P34455,382,,Glutathionylation
P34455,382,,Glutathionylation
P34455,382,,Glutathionylation
P34455,382,,Glutathionylation
P34563,77,,Glutathionylation
P34563,77,,Glutathionylation
P34563,77,,Glutathionylation
P34563,77,,Glutathionylation
P34563,77,,Glutathionylation
P34563,77,,Glutathionylation
P34563,77,,Glutathionylation
P34563,77,,Glutathionylation
P34563,77,,Glutathionylation
P34563,77,,Glutathionylation
P34690,314,,Glutathionylation
P34690,314,,Glutathionylation
P34690,314,,Glutathionylation
P35441,318,,Glutathionylation
P35579,740,,Glutathionylation
P35609,48,,Glutathionylation
P35609,161,,Glutathionylation
P35609,161,,Glutathionylation
P35609,187,,Glutathionylation
P35609,187,,Glutathionylation
P35609,187,,Glutathionylation
P35609,339,,Glutathionylation
P35609,339,,Glutathionylation
P35609,339,,Glutathionylation
P35609,487,,Glutathionylation
P35609,862,,Glutathionylation
P35754,8,,Glutathionylation
P36542,103,,Glutathionylation
P36542,103,,Glutathionylation
P36552,308,,Glutathionylation
P37806,493,,Glutathionylation
P37806,493,,Glutathionylation
P37806,493,,Glutathionylation
P38646,487,,Glutathionylation
P38646,608,,Glutathionylation
P39876,155,,Glutathionylation
P40925,137,,Glutathionylation
P40925,137,,Glutathionylation
P40925,137,,Glutathionylation
P40925,137,,Glutathionylation
P40925,137,,Glutathionylation
P40925,154,,Glutathionylation
P40925,154,,Glutathionylation
P40925,154,,Glutathionylation
P40925,154,,Glutathionylation
P40925,154,,Glutathionylation
P40926,212,,Glutathionylation
P40926,285,,Glutathionylation
P40939,322,,Glutathionylation
P40939,322,,Glutathionylation
P40939,349,,Glutathionylation
P40939,349,,Glutathionylation
P40939,470,,Glutathionylation
P40939,747,,Glutathionylation
P40939,747,,Glutathionylation
P40939,747,,Glutathionylation
P40939,747,,Glutathionylation
P41216,109,,Glutathionylation
P41216,626,,Glutathionylation
P41216,626,,Glutathionylation
P41932,96,,Glutathionylation
P41932,96,,Glutathionylation
P41932,96,,Glutathionylation
P41932,96,,Glutathionylation
P41988,239,,Glutathionylation
P42765,179,,Glutathionylation
P42932,347,,Glutathionylation
P43508,322,,Glutathionylation
P43508,322,,Glutathionylation
P46471,225,,Glutathionylation
P46471,236,,Glutathionylation
P46561,119,,Glutathionylation
P46561,119,,Glutathionylation
P46561,119,,Glutathionylation
P46561,119,,Glutathionylation
P46561,292,,Glutathionylation
P46561,292,,Glutathionylation
P46561,292,,Glutathionylation
P46561,292,,Glutathionylation
P46561,292,,Glutathionylation
P46561,292,,Glutathionylation
P46563,153,,Glutathionylation
P46563,153,,Glutathionylation
P46563,153,,Glutathionylation
P46769,107,,Glutathionylation
P46769,107,,Glutathionylation
P46769,107,,Glutathionylation
P46769,163,,Glutathionylation
P46769,163,,Glutathionylation
P46769,163,,Glutathionylation
P47208,410,,Glutathionylation
P47738,388,,Glutathionylation
P47857,709,,Glutathionylation
P47857,860,,Glutathionylation
P47934,449,,Glutathionylation
P47962,62,,Glutathionylation
P47962,76,,Glutathionylation
P48047,141,,Glutathionylation
P48150,86,,Glutathionylation
P48150,86,,Glutathionylation
P48150,86,,Glutathionylation
P48150,140,,Glutathionylation
P48150,140,,Glutathionylation
P48150,140,,Glutathionylation
P48150,140,,Glutathionylation
P48150,140,,Glutathionylation
P48150,140,,Glutathionylation
P48152,121,,Glutathionylation
P48152,121,,Glutathionylation
P48152,121,,Glutathionylation
P48152,121,,Glutathionylation
P48152,121,,Glutathionylation
P48152,121,,Glutathionylation
P48154,109,,Glutathionylation
P48154,109,,Glutathionylation
P48154,199,,Glutathionylation
P48154,199,,Glutathionylation
P48154,199,,Glutathionylation
P48158,28,,Glutathionylation
P48158,28,,Glutathionylation
P48158,28,,Glutathionylation
P48158,28,,Glutathionylation
P48158,28,,Glutathionylation
P48158,28,,Glutathionylation
P48158,28,,Glutathionylation
P48158,28,,Glutathionylation
P48158,28,,Glutathionylation
P48158,63,,Glutathionylation
P48158,63,,Glutathionylation
P48158,63,,Glutathionylation
P48158,63,,Glutathionylation
P48681,493,,Glutathionylation
P48735,113,,Glutathionylation
P48735,113,,Glutathionylation
P48735,113,,Glutathionylation
P48735,154,,Glutathionylation
P48735,154,,Glutathionylation
P48735,154,,Glutathionylation
P48735,418,,Glutathionylation
P48758,226,,Glutathionylation
P48962,57,,Glutathionylation
P48962,129,,Glutathionylation
P48962,129,,Glutathionylation
P48962,160,,Glutathionylation
P48962,160,,Glutathionylation
P48962,160,,Glutathionylation
P48962,257,,Glutathionylation
P48962,257,,Glutathionylation
P48962,257,,Glutathionylation
P48962,257,,Glutathionylation
P48962,257,,Glutathionylation
P48962,257,,Glutathionylation
P48962,257,,Glutathionylation
P48962,257,,Glutathionylation
P48962,257,,Glutathionylation
P49041,72,,Glutathionylation
P49041,72,,Glutathionylation
P49041,72,,Glutathionylation
P49196,47,,Glutathionylation
P49196,47,,Glutathionylation
P49196,47,,Glutathionylation
P49196,47,,Glutathionylation
P49196,77,,Glutathionylation
P49196,77,,Glutathionylation
P49196,77,,Glutathionylation
P49196,114,,Glutathionylation
P49196,114,,Glutathionylation
P49196,114,,Glutathionylation
P49197,57,,Glutathionylation
P49197,57,,Glutathionylation
P49197,57,,Glutathionylation
P49197,57,,Glutathionylation
P49197,57,,Glutathionylation
P49197,57,,Glutathionylation
P49368,173,,Glutathionylation
P49615,94,,Glutathionylation
P49722,137,,Glutathionylation
P49753,183,,Glutathionylation
P50140,106,,Glutathionylation
P50140,106,,Glutathionylation
P50140,106,,Glutathionylation
P50140,417,,Glutathionylation
P50140,417,,Glutathionylation
P50140,417,,Glutathionylation
P50395,414,,Glutathionylation
P50431,329,,Glutathionylation
P50432,230,,Glutathionylation
P50432,230,,Glutathionylation
P50432,230,,Glutathionylation
P50461,25,,Glutathionylation
P50461,25,,Glutathionylation
P50461,58,,Glutathionylation
P50461,79,,Glutathionylation
P50461,79,,Glutathionylation
P50461,120,,Glutathionylation
P50461,168,,Glutathionylation
P50462,25,,Glutathionylation
P50880,157,,Glutathionylation
P50991,410,,Glutathionylation
P50995,226,,Glutathionylation
P50995,384,,Glutathionylation
P50995,501,,Glutathionylation
P51174,166,,Glutathionylation
P51174,166,,Glutathionylation
P51174,351,,Glutathionylation
P51403,139,,Glutathionylation
P51403,139,,Glutathionylation
P51403,139,,Glutathionylation
P51403,178,,Glutathionylation
P51403,178,,Glutathionylation
P51403,178,,Glutathionylation
P51403,184,,Glutathionylation
P51403,184,,Glutathionylation
P51403,184,,Glutathionylation
P51403,184,,Glutathionylation
P51403,184,,Glutathionylation
P51403,184,,Glutathionylation
P51403,218,,Glutathionylation
P51403,218,,Glutathionylation
P51403,218,,Glutathionylation
P51403,218,,Glutathionylation
P51403,218,,Glutathionylation
P51403,218,,Glutathionylation
P51830,104,,Glutathionylation
P51881,129,,Glutathionylation
P51881,257,,Glutathionylation
P51881,257,,Glutathionylation
P51881,257,,Glutathionylation
P52015,40,,Glutathionylation
P52015,40,,Glutathionylation
P52015,40,,Glutathionylation
P52015,40,,Glutathionylation
P52015,40,,Glutathionylation
P52015,40,,Glutathionylation
P52015,122,,Glutathionylation
P52015,122,,Glutathionylation
P52015,122,,Glutathionylation
P52015,122,,Glutathionylation
P52015,122,,Glutathionylation
P52015,122,,Glutathionylation
P52179,798,,Glutathionylation
P52275,12,,Glutathionylation
P52275,12,,Glutathionylation
P52275,12,,Glutathionylation
P52275,12,,Glutathionylation
P52480,326,,Glutathionylation
P52480,326,,Glutathionylation
P52503,79,,Glutathionylation
P52819,27,,Glutathionylation
P52819,27,,Glutathionylation
P52819,27,,Glutathionylation
P52821,95,,Glutathionylation
P52821,95,,Glutathionylation
P52821,95,,Glutathionylation
P53013,326,,Glutathionylation
P53013,326,,Glutathionylation
P53013,326,,Glutathionylation
P53013,326,,Glutathionylation
P53013,326,,Glutathionylation
P53013,326,,Glutathionylation
P53013,326,,Glutathionylation
P53013,326,,Glutathionylation
P53013,326,,Glutathionylation
P53013,326,,Glutathionylation
P53026,66,,Glutathionylation
P54071,113,,Glutathionylation
P54071,113,,Glutathionylation
P54071,154,,Glutathionylation
P54071,154,,Glutathionylation
P54071,402,,Glutathionylation
P54071,402,,Glutathionylation
P54071,418,,Glutathionylation
P54071,418,,Glutathionylation
P54216,312,,Glutathionylation
P54216,312,,Glutathionylation
P54216,312,,Glutathionylation
P54310,163,,Glutathionylation
P54823,361,,Glutathionylation
P55084,458,,Glutathionylation
P55155,1312,,Glutathionylation
P55155,1312,,Glutathionylation
P55155,1312,,Glutathionylation
P55155,1613,,Glutathionylation
P55155,1613,,Glutathionylation
P55155,1613,,Glutathionylation
P55292,899,,Glutathionylation
P55809,235,,Glutathionylation
P55809,465,,Glutathionylation
P55809,504,,Glutathionylation
P56134,7,,Glutathionylation
P56381,19,,Glutathionylation
P56391,30,,Glutathionylation
P58771,190,,Glutathionylation
P60174,42,,Glutathionylation
P60174,67,,Glutathionylation
P60174,127,,Glutathionylation
P60174,127,,Glutathionylation
P60174,218,,Glutathionylation
P60709,17,,Glutathionylation
P60710,217,,Glutathionylation
P60710,217,,Glutathionylation
P61866,17,,Glutathionylation
P61866,17,,Glutathionylation
P61866,17,,Glutathionylation
P62242,174,,Glutathionylation
P62717,64,,Glutathionylation
P62754,12,,Glutathionylation
P62784,74,,Glutathionylation
P62784,74,,Glutathionylation
P62784,74,,Glutathionylation
P62879,25,,Glutathionylation
P62879,148,,Glutathionylation
P62937,52,,Glutathionylation
P62937,115,,Glutathionylation
P62937,161,,Glutathionylation
P62937,161,,Glutathionylation
P62937,161,,Glutathionylation
P62937,161,,Glutathionylation
P62937,161,,Glutathionylation
P62937,161,,Glutathionylation
P63104,25,,Glutathionylation
P63220,56,,Glutathionylation
P68032,219,,Glutathionylation
P68032,259,,Glutathionylation
P68032,259,,Glutathionylation
P68032,259,,Glutathionylation
P68032,287,,Glutathionylation
P68032,287,,Glutathionylation
P68032,287,,Glutathionylation
P68032,287,,Glutathionylation
P68032,376,,Glutathionylation
P68033,219,,Glutathionylation
P68033,259,,Glutathionylation
P68033,259,,Glutathionylation
P68033,259,,Glutathionylation
P68033,259,,Glutathionylation
P68033,259,,Glutathionylation
P68033,259,,Glutathionylation
P68033,287,,Glutathionylation
P68033,287,,Glutathionylation
P68033,287,,Glutathionylation
P68133,259,,Glutathionylation
P68133,287,,Glutathionylation
P68371,12,,Glutathionylation
P68371,12,,Glutathionylation
P68372,12,,Glutathionylation
P68372,303,,Glutathionylation
P68871,94,,Glutathionylation
P68871,94,,Glutathionylation
P68871,113,,Glutathionylation
P68871,113,,Glutathionylation
P68871,113,,Glutathionylation
P68871,113,,Glutathionylation
P69905,105,,Glutathionylation
P69905,105,,Glutathionylation
P69905,105,,Glutathionylation
P70266,432,,Glutathionylation
P70296,13,,Glutathionylation
P70404,81,,Glutathionylation
P70404,81,,Glutathionylation
P70404,81,,Glutathionylation
P80316,407,,Glutathionylation
P84104,72,,Glutathionylation
P91303,104,,Glutathionylation
P91303,104,,Glutathionylation
P91303,104,,Glutathionylation
P97333,54,,Glutathionylation
P97384,382,,Glutathionylation
P97443,125,,Glutathionylation
P97447,126,,Glutathionylation
P98156,246,,Glutathionylation
P98156,246,,Glutathionylation
P98192,53,,Glutathionylation
P99028,51,,Glutathionylation
P99028,65,,Glutathionylation
P99029,152,,Glutathionylation
P99029,200,,Glutathionylation
Q01063,319,,Glutathionylation
Q01339,264,,Glutathionylation
Q01341,418,,Glutathionylation
Q02338,63,,Glutathionylation
Q02566,37,,Glutathionylation
Q02566,37,,Glutathionylation
Q02566,37,,Glutathionylation
Q02566,37,,Glutathionylation
Q02566,37,,Glutathionylation
Q02566,37,,Glutathionylation
Q02566,401,,Glutathionylation
Q02566,401,,Glutathionylation
Q02566,401,,Glutathionylation
Q02566,674,,Glutathionylation
Q02566,674,,Glutathionylation
Q02566,697,,Glutathionylation
Q02566,697,,Glutathionylation
Q02566,907,,Glutathionylation
Q02566,907,,Glutathionylation
Q02566,907,,Glutathionylation
Q02566,907,,Glutathionylation
Q02566,907,,Glutathionylation
Q02566,949,,Glutathionylation
Q02566,949,,Glutathionylation
Q02566,949,,Glutathionylation
Q02566,949,,Glutathionylation
Q02566,949,,Glutathionylation
Q02566,949,,Glutathionylation
Q02566,1342,,Glutathionylation
Q02566,1342,,Glutathionylation
Q02566,1342,,Glutathionylation
Q02566,1342,,Glutathionylation
Q02566,1413,,Glutathionylation
Q02566,1413,,Glutathionylation
Q02566,1413,,Glutathionylation
Q02566,1413,,Glutathionylation
Q02566,1413,,Glutathionylation
Q02566,1750,,Glutathionylation
Q02566,1750,,Glutathionylation
Q02566,1750,,Glutathionylation
Q02566,1750,,Glutathionylation
Q02566,1750,,Glutathionylation
Q02566,1750,,Glutathionylation
Q02566,1750,,Glutathionylation
Q02566,1750,,Glutathionylation
Q02566,1750,,Glutathionylation
Q04447,283,,Glutathionylation
Q05036,383,,Glutathionylation
Q05793,2170,,Glutathionylation
Q05793,2268,,Glutathionylation
Q05793,3464,,Glutathionylation
Q05793,3671,,Glutathionylation
Q06323,22,,Glutathionylation
Q07076,388,,Glutathionylation
Q07417,246,,Glutathionylation
Q07750,110,,Glutathionylation
Q07750,110,,Glutathionylation
Q07750,110,,Glutathionylation
Q07968,136,,Glutathionylation
Q09533,105,,Glutathionylation
Q09533,105,,Glutathionylation
Q09533,105,,Glutathionylation
Q09533,105,,Glutathionylation
Q09543,150,,Glutathionylation
Q09543,150,,Glutathionylation
Q09543,150,,Glutathionylation
Q09567,471,,Glutathionylation
Q09567,471,,Glutathionylation
Q09567,471,,Glutathionylation
Q09666,2806,,Glutathionylation
Q10454,61,,Glutathionylation
Q10454,61,,Glutathionylation
Q10454,61,,Glutathionylation
Q10454,61,,Glutathionylation
Q10454,61,,Glutathionylation
Q10454,61,,Glutathionylation
Q10454,179,,Glutathionylation
Q10454,179,,Glutathionylation
Q10454,179,,Glutathionylation
Q10454,179,,Glutathionylation
Q10454,179,,Glutathionylation
Q10454,179,,Glutathionylation
Q10454,242,,Glutathionylation
Q10454,242,,Glutathionylation
Q10454,242,,Glutathionylation
Q10454,242,,Glutathionylation
Q10454,242,,Glutathionylation
Q10454,242,,Glutathionylation
Q10454,312,,Glutathionylation
Q10454,312,,Glutathionylation
Q10454,312,,Glutathionylation
Q10454,341,,Glutathionylation
Q10454,341,,Glutathionylation
Q10454,341,,Glutathionylation
Q10454,341,,Glutathionylation
Q10454,341,,Glutathionylation
Q10454,341,,Glutathionylation
Q13011,102,,Glutathionylation
Q13011,102,,Glutathionylation
Q13423,1073,,Glutathionylation
Q13423,1073,,Glutathionylation
Q14204,2639,,Glutathionylation
Q14315,1991,,Glutathionylation
Q14315,2454,,Glutathionylation
Q14315,2660,,Glutathionylation
Q14315,2660,,Glutathionylation
Q14896,566,,Glutathionylation
Q14896,623,,Glutathionylation
Q14896,651,,Glutathionylation
Q14896,651,,Glutathionylation
Q14C51,259,,Glutathionylation
Q15124,165,,Glutathionylation
Q15435,104,,Glutathionylation
Q16698,86,,Glutathionylation
Q16698,116,,Glutathionylation
Q16698,116,,Glutathionylation
Q16718,17,,Glutathionylation
Q16798,223,,Glutathionylation
Q16836,211,,Glutathionylation
Q16836,211,,Glutathionylation
Q17761,126,,Glutathionylation
Q17761,126,,Glutathionylation
Q17761,126,,Glutathionylation
Q17763,162,,Glutathionylation
Q17763,162,,Glutathionylation
Q17763,162,,Glutathionylation
Q17763,162,,Glutathionylation
Q17832,214,,Glutathionylation
Q17832,214,,Glutathionylation
Q17832,214,,Glutathionylation
Q18688,682,,Glutathionylation
Q18688,682,,Glutathionylation
Q18688,682,,Glutathionylation
Q19058,211,,Glutathionylation
Q19058,211,,Glutathionylation
Q19058,211,,Glutathionylation
Q19058,211,,Glutathionylation
Q19058,211,,Glutathionylation
Q19058,211,,Glutathionylation
Q19102,88,,Glutathionylation
Q19102,88,,Glutathionylation
Q19102,88,,Glutathionylation
Q19102,88,,Glutathionylation
Q19102,88,,Glutathionylation
Q19102,88,,Glutathionylation
Q19162,79,,Glutathionylation
Q19162,79,,Glutathionylation
Q19264,299,,Glutathionylation
Q19278,345,,Glutathionylation
Q19626,94,,Glutathionylation
Q19626,94,,Glutathionylation
Q19626,94,,Glutathionylation
Q19749,150,,Glutathionylation
Q19749,150,,Glutathionylation
Q19749,150,,Glutathionylation
Q19877,8,,Glutathionylation
Q19877,8,,Glutathionylation
Q19877,8,,Glutathionylation
Q19980,44,,Glutathionylation
Q19980,44,,Glutathionylation
Q19980,44,,Glutathionylation
Q1XH17,456,,Glutathionylation
Q1XH17,456,,Glutathionylation
Q20206,110,,Glutathionylation
Q20206,110,,Glutathionylation
Q20206,110,,Glutathionylation
Q20206,128,,Glutathionylation
Q20206,128,,Glutathionylation
Q20206,128,,Glutathionylation
Q20363,5,,Glutathionylation
Q20363,5,,Glutathionylation
Q20363,5,,Glutathionylation
Q21215,188,,Glutathionylation
Q21276,390,,Glutathionylation
Q21276,390,,Glutathionylation
Q21276,390,,Glutathionylation
Q21824,170,,Glutathionylation
Q21824,170,,Glutathionylation
Q21824,170,,Glutathionylation
Q21962,192,,Glutathionylation
Q21962,192,,Glutathionylation
Q21962,192,,Glutathionylation
Q23621,313,,Glutathionylation
Q23621,313,,Glutathionylation
Q23621,313,,Glutathionylation
Q27245,443,,Glutathionylation
Q27245,443,,Glutathionylation
Q27245,443,,Glutathionylation
Q27389,136,,Glutathionylation
Q27389,136,,Glutathionylation
Q27389,136,,Glutathionylation
Q27535,275,,Glutathionylation
Q27535,275,,Glutathionylation
Q27535,275,,Glutathionylation
Q2TPA8,218,,Glutathionylation
Q3THK7,523,,Glutathionylation
Q3TLP5,13,,Glutathionylation
Q3TQB2,332,,Glutathionylation
Q3TZZ7,734,,Glutathionylation
Q3U0S6,432,,Glutathionylation
Q3U186,3,,Glutathionylation
Q3UHD6,191,,Glutathionylation
Q3UHZ5,89,,Glutathionylation
Q3URS9,311,,Glutathionylation
Q3UV70,33,,Glutathionylation
Q4G0N4,58,,Glutathionylation
Q4U4S6,614,,Glutathionylation
Q4U4S6,3334,,Glutathionylation
Q58A65,1155,,Glutathionylation
Q5BKX8,288,,Glutathionylation
Q5JXI2,87,,Glutathionylation
Q5PRF0,586,,Glutathionylation
Q5SXM2,687,,Glutathionylation
Q60597,904,,Glutathionylation
Q60675,449,,Glutathionylation
Q60675,734,,Glutathionylation
Q61107,417,,Glutathionylation
Q61129,78,,Glutathionylation
Q61147,713,,Glutathionylation
Q61171,172,,Glutathionylation
Q61233,346,,Glutathionylation
Q61234,412,,Glutathionylation
Q61543,563,,Glutathionylation
Q61554,1849,,Glutathionylation
Q61655,324,,Glutathionylation
Q62059,270,,Glutathionylation
Q62234,778,,Glutathionylation
Q62234,778,,Glutathionylation
Q62261,1284,,Glutathionylation
Q62407,3044,,Glutathionylation
Q63844,83,,Glutathionylation
Q64105,235,,Glutathionylation
Q64449,67,,Glutathionylation
Q64727,325,,Glutathionylation
Q65XX1,492,,Glutathionylation
Q69ZR2,2260,,Glutathionylation
Q6P8J7,90,,Glutathionylation
Q6P8J7,180,,Glutathionylation
Q6P8J7,180,,Glutathionylation
Q6P8J7,238,,Glutathionylation
Q6P8J7,238,,Glutathionylation
Q6P8J7,238,,Glutathionylation
Q6P8J7,317,,Glutathionylation
Q6P8J7,317,,Glutathionylation
Q6P8J7,317,,Glutathionylation
Q6P8X1,149,,Glutathionylation
Q6YN16,218,,Glutathionylation
Q6ZPJ3,336,,Glutathionylation
Q6ZQ38,237,,Glutathionylation
Q702N8,1215,,Glutathionylation
Q71LX4,723,,Glutathionylation
Q71RI9,432,,Glutathionylation
Q76MZ3,377,,Glutathionylation
Q7TMF3,92,,Glutathionylation
Q7TNS2,13,,Glutathionylation
Q7TSV4,58,,Glutathionylation
Q7Z072,228,,Glutathionylation
Q7Z072,228,,Glutathionylation
Q7Z072,228,,Glutathionylation
Q80TV8,173,,Glutathionylation
Q80U72,1594,,Glutathionylation
Q80UM3,238,,Glutathionylation
Q80WP8,470,,Glutathionylation
Q80XL6,106,,Glutathionylation
Q80YV4,787,,Glutathionylation
Q811U4,167,,Glutathionylation
Q8BFY9,790,,Glutathionylation
Q8BGC4,218,,Glutathionylation
Q8BGH2,237,,Glutathionylation
Q8BGI7,263,,Glutathionylation
Q8BHC4,135,,Glutathionylation
Q8BHF7,477,,Glutathionylation
Q8BIJ6,91,,Glutathionylation
Q8BIJ6,883,,Glutathionylation
Q8BKC5,1057,,Glutathionylation
Q8BKY8,55,,Glutathionylation
Q8BMF3,19,,Glutathionylation
Q8BMF4,33,,Glutathionylation
Q8BMF4,45,,Glutathionylation
Q8BMF4,163,,Glutathionylation
Q8BML9,687,,Glutathionylation
Q8BMS1,349,,Glutathionylation
Q8BMS1,470,,Glutathionylation
Q8BMS1,550,,Glutathionylation
Q8BMS4,156,,Glutathionylation
Q8BT60,249,,Glutathionylation
Q8BTI9,110,,Glutathionylation
Q8BWT1,179,,Glutathionylation
Q8BWT1,179,,Glutathionylation
Q8BWT1,287,,Glutathionylation
Q8BWT1,287,,Glutathionylation
Q8BYM8,511,,Glutathionylation
Q8C129,305,,Glutathionylation
Q8C1A5,427,,Glutathionylation
Q8CEE7,201,,Glutathionylation
Q8CG76,222,,Glutathionylation
Q8CGC7,336,,Glutathionylation
Q8CGY6,207,,Glutathionylation
Q8CGY6,368,,Glutathionylation
Q8CGY6,786,,Glutathionylation
Q8CGY8,44,,Glutathionylation
Q8CHT0,347,,Glutathionylation
Q8CIZ8,9,,Glutathionylation
Q8CIZ8,2676,,Glutathionylation
Q8JZQ2,625,,Glutathionylation
Q8K0E8,85,,Glutathionylation
Q8K0E8,213,,Glutathionylation
Q8K0E8,260,,Glutathionylation
Q8K0Z7,157,,Glutathionylation
Q8K1N1,33,,Glutathionylation
Q8K2B3,89,,Glutathionylation
Q8K2B3,89,,Glutathionylation
Q8K2B3,266,,Glutathionylation
Q8K2B3,357,,Glutathionylation
Q8K2B3,536,,Glutathionylation
Q8K2B3,536,,Glutathionylation
Q8K2B3,654,,Glutathionylation
Q8K2Y7,89,,Glutathionylation
Q8K370,197,,Glutathionylation
Q8K411,850,,Glutathionylation
Q8K4F5,30,,Glutathionylation
Q8MXH7,114,,Glutathionylation
Q8MXH7,114,,Glutathionylation
Q8MXH7,114,,Glutathionylation
Q8QZS1,44,,Glutathionylation
Q8QZT1,116,,Glutathionylation
Q8QZT1,123,,Glutathionylation
Q8QZT1,193,,Glutathionylation
Q8R1Q8,247,,Glutathionylation
Q8R216,166,,Glutathionylation
Q8R3B1,96,,Glutathionylation
Q8R4N0,103,,Glutathionylation
Q8VDD5,789,,Glutathionylation
Q8VEM8,232,,Glutathionylation
Q8WQA8,35,,Glutathionylation
Q8WQA8,35,,Glutathionylation
Q8WQA8,35,,Glutathionylation
Q8WQA8,35,,Glutathionylation
Q8WQA8,35,,Glutathionylation
Q8WQA8,69,,Glutathionylation
Q8WZ42,4404,,Glutathionylation
Q8WZ42,15004,,Glutathionylation
Q8WZ42,16276,,Glutathionylation
Q8WZ42,17831,,Glutathionylation
Q8WZ42,19092,,Glutathionylation
Q8WZ42,20418,,Glutathionylation
Q8WZ42,23138,,Glutathionylation
Q8WZ42,28174,,Glutathionylation
Q8WZ42,33718,,Glutathionylation
Q91UZ5,92,,Glutathionylation
Q91V92,509,,Glutathionylation
Q91V92,623,,Glutathionylation
Q91VD9,64,,Glutathionylation
Q91VD9,75,,Glutathionylation
Q91VD9,367,,Glutathionylation
Q91VD9,367,,Glutathionylation
Q91VD9,463,,Glutathionylation
Q91VR2,103,,Glutathionylation
Q91WC3,142,,Glutathionylation
Q91WK1,8,,Glutathionylation
Q91YT0,286,,Glutathionylation
Q91Z83,695,,Glutathionylation
Q91Z83,947,,Glutathionylation
Q91ZE0,80,,Glutathionylation
Q91ZX7,944,,Glutathionylation
Q91ZX7,2953,,Glutathionylation
Q921G7,265,,Glutathionylation
Q921G7,386,,Glutathionylation
Q921G7,560,,Glutathionylation
Q921I1,137,,Glutathionylation
Q921I1,363,,Glutathionylation
Q921I1,597,,Glutathionylation
Q921M3,547,,Glutathionylation
Q922B2,334,,Glutathionylation
Q924T2,13,,Glutathionylation
Q924X2,448,,Glutathionylation
Q924X2,548,,Glutathionylation
Q924X2,586,,Glutathionylation
Q924X2,608,,Glutathionylation
Q924X2,608,,Glutathionylation
Q93572,27,,Glutathionylation
Q93572,27,,Glutathionylation
Q93572,27,,Glutathionylation
Q93572,119,,Glutathionylation
Q93572,119,,Glutathionylation
Q93572,119,,Glutathionylation
Q93573,81,,Glutathionylation
Q93573,81,,Glutathionylation
Q93573,81,,Glutathionylation
Q93573,81,,Glutathionylation
Q93573,81,,Glutathionylation
Q93573,81,,Glutathionylation
Q93576,109,,Glutathionylation
Q93576,109,,Glutathionylation
Q93576,109,,Glutathionylation
Q93576,109,,Glutathionylation
Q93576,109,,Glutathionylation
Q93576,117,,Glutathionylation
Q93576,117,,Glutathionylation
Q93576,117,,Glutathionylation
Q93934,41,,Glutathionylation
Q93934,319,,Glutathionylation
Q93934,319,,Glutathionylation
Q93934,319,,Glutathionylation
Q94300,79,,Glutathionylation
Q94300,79,,Glutathionylation
Q94300,79,,Glutathionylation
Q95X44,83,,Glutathionylation
Q95X44,83,,Glutathionylation
Q95X44,151,,Glutathionylation
Q95X44,151,,Glutathionylation
Q95X44,151,,Glutathionylation
Q95XJ0,107,,Glutathionylation
Q95XJ0,107,,Glutathionylation
Q95XJ0,107,,Glutathionylation
Q95XJ0,298,,Glutathionylation
Q95XJ0,298,,Glutathionylation
Q95XJ0,298,,Glutathionylation
Q95Y04,22,,Glutathionylation
Q95Y04,22,,Glutathionylation
Q95Y04,22,,Glutathionylation
Q95Y04,22,,Glutathionylation
Q95Y04,22,,Glutathionylation
Q95Y04,22,,Glutathionylation
Q95Y90,72,,Glutathionylation
Q95Y90,72,,Glutathionylation
Q95Y90,72,,Glutathionylation
Q95YF3,98,,Glutathionylation
Q95YF3,98,,Glutathionylation
Q95YF3,98,,Glutathionylation
Q966I8,70,,Glutathionylation
Q96FJ2,24,,Glutathionylation
Q96FJ2,24,,Glutathionylation
Q96GK7,215,,Glutathionylation
Q99798,126,,Glutathionylation
Q99798,126,,Glutathionylation
Q99798,126,,Glutathionylation
Q99798,126,,Glutathionylation
Q99798,226,,Glutathionylation
Q99798,385,,Glutathionylation
Q99798,385,,Glutathionylation
Q99798,385,,Glutathionylation
Q99798,592,,Glutathionylation
Q99798,592,,Glutathionylation
Q99JR6,133,,Glutathionylation
Q99JW4,219,,Glutathionylation
Q99JY0,436,,Glutathionylation
Q99JY0,436,,Glutathionylation
Q99KI0,126,,Glutathionylation
Q99KI0,126,,Glutathionylation
Q99KI0,126,,Glutathionylation
Q99KI0,385,,Glutathionylation
Q99KI0,385,,Glutathionylation
Q99KI0,592,,Glutathionylation
Q99KV1,169,,Glutathionylation
Q99L43,99,,Glutathionylation
Q99L47,208,,Glutathionylation
Q99LC5,53,,Glutathionylation
Q99LC5,53,,Glutathionylation
Q99N94,167,,Glutathionylation
Q99NB9,933,,Glutathionylation
Q99NB9,1250,,Glutathionylation
Q9BKU5,70,,Glutathionylation
Q9BKU5,70,,Glutathionylation
Q9BKU5,70,,Glutathionylation
Q9BKU5,100,,Glutathionylation
Q9BKU5,100,,Glutathionylation
Q9BKU5,100,,Glutathionylation
Q9BKU5,141,,Glutathionylation
Q9BKU5,141,,Glutathionylation
Q9BKU5,141,,Glutathionylation
Q9BL03,69,,Glutathionylation
Q9BL03,69,,Glutathionylation
Q9BL03,69,,Glutathionylation
Q9BL19,146,,Glutathionylation
Q9BL19,146,,Glutathionylation
Q9BL19,146,,Glutathionylation
Q9BL19,146,,Glutathionylation
Q9BL19,146,,Glutathionylation
Q9BL19,146,,Glutathionylation
Q9BL27,99,,Glutathionylation
Q9BL27,99,,Glutathionylation
Q9BL27,99,,Glutathionylation
Q9CPP6,17,,Glutathionylation
Q9CPV4,182,,Glutathionylation
Q9CPV4,206,,Glutathionylation
Q9CPX7,26,,Glutathionylation
Q9CQ54,40,,Glutathionylation
Q9CQ62,86,,Glutathionylation
Q9CQ62,116,,Glutathionylation
Q9CQ62,116,,Glutathionylation
Q9CQ75,58,,Glutathionylation
Q9CQA3,70,,Glutathionylation
Q9CQB5,99,,Glutathionylation
Q9CQJ8,31,,Glutathionylation
Q9CQM9,148,,Glutathionylation
Q9CQQ7,239,,Glutathionylation
Q9CQT1,199,,Glutathionylation
Q9CR59,124,,Glutathionylation
Q9CR62,184,,Glutathionylation
Q9CXI0,244,,Glutathionylation
Q9CXW4,72,,Glutathionylation
Q9CY73,96,,Glutathionylation
Q9CZ13,69,,Glutathionylation
Q9CZ13,69,,Glutathionylation
Q9CZ13,268,,Glutathionylation
Q9CZ13,268,,Glutathionylation
Q9CZ13,380,,Glutathionylation
Q9CZ13,410,,Glutathionylation
Q9CZ13,410,,Glutathionylation
Q9CZ13,410,,Glutathionylation
Q9CZ13,410,,Glutathionylation
Q9CZ13,410,,Glutathionylation
Q9CZM2,27,,Glutathionylation
Q9CZU6,101,,Glutathionylation
Q9CZU6,101,,Glutathionylation
Q9D0J4,102,,Glutathionylation
Q9D0K2,504,,Glutathionylation
Q9D0M3,139,,Glutathionylation
Q9D0M3,219,,Glutathionylation
Q9D0M3,219,,Glutathionylation
Q9D0M3,219,,Glutathionylation
Q9D0M5,24,,Glutathionylation
Q9D1M0,31,,Glutathionylation
Q9D1Q6,189,,Glutathionylation
Q9D2G2,37,,Glutathionylation
Q9D2N4,48,,Glutathionylation
Q9D5V5,188,,Glutathionylation
Q9D6R2,127,,Glutathionylation
Q9D6R2,127,,Glutathionylation
Q9D7B6,215,,Glutathionylation
Q9D8B4,95,,Glutathionylation
Q9D8B4,95,,Glutathionylation
Q9D8W5,31,,Glutathionylation
Q9DB20,141,,Glutathionylation
Q9DB20,141,,Glutathionylation
Q9DB77,192,,Glutathionylation
Q9DB77,192,,Glutathionylation
Q9DB77,192,,Glutathionylation
Q9DB77,192,,Glutathionylation
Q9DBC7,18,,Glutathionylation
Q9DBJ1,55,,Glutathionylation
Q9DC69,86,,Glutathionylation
Q9DCH4,260,,Glutathionylation
Q9DCL9,295,,Glutathionylation
Q9DCT1,191,,Glutathionylation
Q9DCW4,42,,Glutathionylation
Q9DCX2,101,,Glutathionylation
Q9DCX2,101,,Glutathionylation
Q9EQ20,413,,Glutathionylation
Q9EQI8,50,,Glutathionylation
Q9EQI8,50,,Glutathionylation
Q9ERG2,620,,Glutathionylation
Q9ERI6,214,,Glutathionylation
Q9ERK4,61,,Glutathionylation
Q9GP94,80,,Glutathionylation
Q9GZH3,349,,Glutathionylation
Q9H2U2,44,,Glutathionylation
Q9H9P8,272,,Glutathionylation
Q9HAV7,28,,Glutathionylation
Q9JHK4,384,,Glutathionylation
Q9JI91,48,,Glutathionylation
Q9JI91,48,,Glutathionylation
Q9JI91,187,,Glutathionylation
Q9JI91,187,,Glutathionylation
Q9JI91,187,,Glutathionylation
Q9JI91,339,,Glutathionylation
Q9JI91,339,,Glutathionylation
Q9JI91,781,,Glutathionylation
Q9JIF0,167,,Glutathionylation
Q9JIF7,623,,Glutathionylation
Q9JK23,69,,Glutathionylation
Q9JLT4,446,,Glutathionylation
Q9N358,35,,Glutathionylation
Q9N358,35,,Glutathionylation
Q9N358,35,,Glutathionylation
Q9N358,244,,Glutathionylation
Q9N358,244,,Glutathionylation
Q9N358,244,,Glutathionylation
Q9N3D9,37,,Glutathionylation
Q9N3X2,78,,Glutathionylation
Q9N3X2,78,,Glutathionylation
Q9N3X2,78,,Glutathionylation
Q9N3X2,78,,Glutathionylation
Q9N3X2,78,,Glutathionylation
Q9N3X2,78,,Glutathionylation
Q9N3X2,123,,Glutathionylation
Q9N3X2,123,,Glutathionylation
Q9N3X2,123,,Glutathionylation
Q9N4I4,65,,Glutathionylation
Q9N4I4,65,,Glutathionylation
Q9N4I4,65,,Glutathionylation
Q9N4I4,65,,Glutathionylation
Q9N4I4,65,,Glutathionylation
Q9N4I4,65,,Glutathionylation
Q9N4J2,206,,Glutathionylation
Q9N4J2,206,,Glutathionylation
Q9N4J2,206,,Glutathionylation
Q9N4J2,206,,Glutathionylation
Q9N4J2,206,,Glutathionylation
Q9N4J2,206,,Glutathionylation
Q9N4J2,364,,Glutathionylation
Q9N4J2,364,,Glutathionylation
Q9N4J2,364,,Glutathionylation
Q9N4J2,626,,Glutathionylation
Q9N4J2,626,,Glutathionylation
Q9N4J2,626,,Glutathionylation
Q9N4J2,1330,,Glutathionylation
Q9N4J2,1330,,Glutathionylation
Q9N4J2,1330,,Glutathionylation
Q9N4J2,1474,,Glutathionylation
Q9N4J2,1474,,Glutathionylation
Q9N4J2,1474,,Glutathionylation
Q9N4J2,1474,,Glutathionylation
Q9N4J2,1474,,Glutathionylation
Q9N4J2,1474,,Glutathionylation
Q9N4J2,1560,,Glutathionylation
Q9N4J2,1560,,Glutathionylation
Q9N4J2,1560,,Glutathionylation
Q9N4J2,1560,,Glutathionylation
Q9N4J2,1600,,Glutathionylation
Q9N4J2,1600,,Glutathionylation
Q9N4J2,1600,,Glutathionylation
Q9N5V3,386,,Glutathionylation
Q9NAA7,44,,Glutathionylation
Q9NEN6,100,,Glutathionylation
Q9NEN6,100,,Glutathionylation
Q9NEN6,100,,Glutathionylation
Q9NEN6,100,,Glutathionylation
Q9NEN6,100,,Glutathionylation
Q9NEN6,100,,Glutathionylation
Q9NEN6,100,,Glutathionylation
Q9NF11,86,,Glutathionylation
Q9NF11,86,,Glutathionylation
Q9NX63,183,,Glutathionylation
Q9NZ09,45,,Glutathionylation
Q9NZ45,72,,Glutathionylation
Q9NZ45,83,,Glutathionylation
Q9QVP4,164,,Glutathionylation
Q9QWR8,49,,Glutathionylation
Q9QXA5,59,,Glutathionylation
Q9QXS1,2960,,Glutathionylation
Q9QXS1,3112,,Glutathionylation
Q9QXS1,3117,,Glutathionylation
Q9QXZ0,2062,,Glutathionylation
Q9QYR9,55,,Glutathionylation
Q9QZQ1,642,,Glutathionylation
Q9R0Y5,187,,Glutathionylation
Q9R0Y5,187,,Glutathionylation
Q9TXP0,77,,Glutathionylation
Q9TXP0,77,,Glutathionylation
Q9TXP0,77,,Glutathionylation
Q9TXP0,77,,Glutathionylation
Q9TXU7,51,,Glutathionylation
Q9TXU7,51,,Glutathionylation
Q9TXU7,51,,Glutathionylation
Q9TZS5,29,,Glutathionylation
Q9TZS5,29,,Glutathionylation
Q9TZS5,29,,Glutathionylation
Q9U2Q8,25,,Glutathionylation
Q9U2Q8,25,,Glutathionylation
Q9U2Q8,25,,Glutathionylation
Q9U302,242,,Glutathionylation
Q9U302,242,,Glutathionylation
Q9U302,242,,Glutathionylation
Q9U302,242,,Glutathionylation
Q9U302,242,,Glutathionylation
Q9U302,242,,Glutathionylation
Q9U302,383,,Glutathionylation
Q9U302,383,,Glutathionylation
Q9UAV5,331,,Glutathionylation
Q9UAV5,331,,Glutathionylation
Q9UBQ7,57,,Glutathionylation
Q9UH65,40,,Glutathionylation
Q9UKU7,217,,Glutathionylation
Q9WTI7,161,,Glutathionylation
Q9WTX6,149,,Glutathionylation
Q9WUB3,373,,Glutathionylation
Q9WUB3,496,,Glutathionylation
Q9WUB3,496,,Glutathionylation
Q9XTT9,373,,Glutathionylation
Q9XTV4,6,,Glutathionylation
Q9XVF7,90,,Glutathionylation
Q9XVF7,90,,Glutathionylation
Q9XVF7,90,,Glutathionylation
Q9XVF7,90,,Glutathionylation
Q9XVF7,114,,Glutathionylation
Q9XVF7,114,,Glutathionylation
Q9XVF7,114,,Glutathionylation
Q9XVF7,114,,Glutathionylation
Q9XVF7,114,,Glutathionylation
Q9XW17,78,,Glutathionylation
Q9XW17,78,,Glutathionylation
Q9XW17,78,,Glutathionylation
Q9XW17,241,,Glutathionylation
Q9XW92,521,,Glutathionylation
Q9XW92,521,,Glutathionylation
Q9XW92,521,,Glutathionylation
Q9XWS4,87,,Glutathionylation
Q9XWS4,87,,Glutathionylation
Q9XWS4,87,,Glutathionylation
Q9XWS4,94,,Glutathionylation
Q9XWS4,94,,Glutathionylation
Q9XWS4,94,,Glutathionylation
Q9XXK1,229,,Glutathionylation
Q9XXK1,229,,Glutathionylation
Q9XXK1,229,,Glutathionylation
Q9Y277,65,,Glutathionylation
Q9Y277,65,,Glutathionylation
Q9Y277,229,,Glutathionylation
Q9Y277,229,,Glutathionylation
Q9Y281,80,,Glutathionylation
Q9Y3D6,41,,Glutathionylation
Q9Z1P6,55,,Glutathionylation
Q9Z1P6,55,,Glutathionylation
