HEPT_APHF2	A0A0B0QJR1	109	AMPylation	33290744	SGLRNRLVHEYDDIDPNQVFM
HEPT_THECF	I3ZRF2	82	AMPylation	33045733	ARMRDKLIHAYFGVDVRVLWK
GLN1B_ECOLI	P0A9C5	398	AMPylation	4904088;5543675	HPGEAMDKNLYDLPPEEAKEI
RAB6A_HUMAN	P20340	82	AMPylation	21822290	QERFRSLIPSYIRDSTVAVVV
CDC42_HUMAN	P60953	32	AMPylation	19362538;20622875	SYTTNKFPSEYVPTVFDNYAV
RHOA_HUMAN	P61586	34	AMPylation	19362538	VFSKDQFPEVYVPTVFENYVA
RAC1_HUMAN	P63000	32	AMPylation	19362538	SYTTNAFPGEYIPTVFDNYSA
GLRX1_ECOLI	P68688	13	AMPylation	30270044	TVIFGRSGCPYCVRAKDLAEK
GLN1B_MYCTU	P9WN39	406	AMPylation	15037612;12146952	EPQAPVDKDLYELPPEEAASI
RAB35_HUMAN	Q15286	77	AMPylation	21822290	QERFRTITSTYYRGTHGVIVV
GLN1B_PSETA	Q3V5W6	397	AMPylation	16495669	HPGDAADKNLYDLPPEEAKEI
NMFIC_NEIMB	Q7DDR9	183	AMPylation	22266942	EIIFKGIEQSYYYEGYEKG--
HEPT_SHEON	Q8ECH6	104	AMPylation	33045733;33290744	VGLRNIAVHDYQELNLDIVVH
RAB6C_HUMAN	Q9H0N0	82	AMPylation	21822290	QERLRSLIPRYIRDSAAAVVV
RAB1B_HUMAN	Q9H0U4	77	AMPylation	20651120	QERFRTITSSYYRGAHGIIVV
RAB6B_HUMAN	Q9NRW1	82	AMPylation	21822290	QERFRSLIPSYIRDSTVAVVV
BIP_CRIGR	G3I8R9	518	AMPylation	27918543;26673894	ILRVTAEDKGTGNKNKITITN
ODO1_ECOLI	P0AFG3	405	AMPylation	30270044	TTSNPLDARSTPYCTDIGKMV
BIP_DROME	P29844	518	AMPylation	29089387;25395623	ILQVSAEDKGTGNKEKIVITN
CDC42_HUMAN	P60953	35	AMPylation	19039103	TNKFPSEYVPTVFDNYAVTVM
RHOA_HUMAN	P61586	37	AMPylation	19039103	KDQFPEVYVPTVFENYVADIE
RAC1_HUMAN	P63000	35	AMPylation	19039103	TNAFPGEYIPTVFDNYSANVM
FICD_CAEEL	Q23544	352	AMPylation	27138431	ADPVEAGRIRTTQVYVGRFTP
FICD_CAEEL	Q23544	476	AMPylation	27138431	SIQRYIGAMKTSSDNILNSGD
FICD_HUMAN	Q9BVA6	80	AMPylation	25601083	HAATKCTSPSTELSITSRGAT
FICD_HUMAN	Q9BVA6	183	AMPylation	25601083	HEKALVNRDRTLPLVEEIDQR
FICD_HUMAN	Q9BVA6	79	AMPylation	25601083	QHAATKCTSPSTELSITSRGA
